2018-09-28 10:56:10;7e000667c8ac5b00077e000667c8ac5b
2018-09-28 10:56:10;00057e00066ec8ac5b01077e00066ec8
2018-09-28 10:56:10;ac5b01057e030c71c8ac5b85050000f9
2018-09-28 10:56:10;eb05007e030cadc8ac5b5df90000faeb
2018-09-28 10:56:10;05007e030ce9c8ac5bfde00000fbeb05
2018-09-28 10:56:10;007e030c25c9ac5bcbf00000fceb0500
2018-09-28 10:56:10;7e030c61c9ac5bfdf10000fdeb05007e
2018-09-28 10:56:10;030c9dc9ac5bf7f80000feeb05007e03
2018-09-28 10:56:10;0cdac9ac5b04f90000ffeb05007e0208
2018-09-28 10:56:10;11caac5b17d2ac5b7e030c1bd2ac5b0d
2018-09-28 10:56:10;f9000022ec05007e041024d2ac5b404c
2018-09-28 10:56:10;630132000000010000007e030c57d2ac
2018-09-28 10:56:10;5bb1f9000023ec05007e030c93d2ac5b
2018-09-28 10:56:10;41f9000024ec05007e030ccfd2ac5baf
